{
    "n": 4,
    "x": [-20.03698206362577, -5.091072701578589, 8.735097229558901 ,-21.006879622013063],
    "y": [-20.49021675929117,-11.074891690456273,-1.3818968687184983,-21.546262520768256]
}
